{
	"setupZeroHeading": {
		"en": "Choose Your Language",
		"de": "Wähle deine Sprache",
		"fr": "Choisissez Votre Langue"
	},
	"setupZeroContent": {
		"en": "We detected your language using your phone's default language but you can change the language of Express if you like.",
		"de": "Wir haben Ihre Sprache anhand der Standardsprache Ihres Telefons erkannt. Sie können jedoch die Sprache von Express ändern.",
		"fr": "Nous avons détecté votre langue en utilisant la langue par défaut de votre téléphone mais vous pouvez changer la langue de Express."
	},
	"setupZeroButton": {
		"en": "Continue",
		"de": "Fortsetzen",
		"fr": "Continuer"
	},
	"setupOneHeading": {
		"en": "Welcome!",
		"de": "Willkommen!",
		"fr": "Bienvenue!"
	},
	"setupOneContent1": {
		"en": "Thank you so much for downloading. In order to personalize your experience, you need to setup this application.",
		"de": "Vielen Dank für das Herunterladen. Um Ihre Erfahrung zu personalisieren, müssen Sie diese Anwendung einrichten.",
		"fr": "Merci beaucoup pour le téléchargement. Afin de personnaliser votre expérience, vous devez configurer cette application."
	},
	"setupOneContent2": {
		"en": "Follow this 2 steps and start using Express app right away.",
		"de": "Befolgen Sie diese 2 Schritte und beginnen Sie sofort mit der Express App.",
		"fr": "Suivez ces 2 étapes et commencez à utiliser l'application Express App tout de suite."
	},
	"setupOneButton": {
		"en": "Let's Start",
		"de": "Lasst uns Beginnen",
		"fr": "Commençons"
	},
	"setupTwoHeading": {
		"en": "Choose Your Avatar",
		"de": "Wähle deinen Avatar",
		"fr": "Choisissez votre Avatar"
	},
	"setupTwoContent": {
		"en": "From the following avatars, choose the avatar that best resembles the user of this AAC application.",
		"de": "Wählen Sie aus den folgenden Avataren den Avatar aus, der dem Benutzer dieser AAC-Anwendung am ehesten entspricht.",
		"fr": "Parmi les avatars suivants, choisissez l'avatar qui ressemble le mieux à l'utilisateur de cette application AAC."
	},
	"setupTwoButton": {
		"en": "Choose an Avatar",
		"de": "Wähle einen Avatar",
		"fr": "Choisissez un Avatar"
	},
	"setupThreeHeading": {
		"en": "What is Your Name?",
		"de": "Was ist Ihr Name?",
		"fr": "Votre Nom?"
	},
	"setupThreeInput": {
		"en": "Your name...",
		"de": "Ihr name...",
		"fr": "Votre nom..."
	},
	"setupThreeContent": {
		"en": "What would you like me to call you when referring to you in the application?",
		"de": "Was möchtest du, wenn ich dich anrufe, wenn ich dich in der Bewerbung anrufe?",
		"fr": "Qu'aimeriez-vous que je vous appelle lorsque je me réfère à vous dans la application?"
	},
	"setupFourHeading": {
		"en": "Speech Settings",
		"de": "Spracheinstellungen",
		"fr": "Paramètres de la Parole"
	},
	"setupFourContent": {
		"en": "Let's setup the speech voice settings when cards are pressed.",
		"de": "Lassen Sie uns die Sprachstimmeinstellungen einstellen, wenn Karten gedrückt werden.",
		"fr": "Configurons les paramètres de la voix vocale lorsque les cartes sont pressées."
	},
	"demoSpeechText": {
		"en": "Hello, this is a test speech!",
		"de": "Hallo, das ist eine Testrede!",
		"fr": "Bonjour, ceci est un test de discours!"
	},
	"setupFiveHeading": {
		"en": "Congrats",
		"de": "Glückwunsch",
		"fr": "Félicitations"
	},
	"setupFiveContent": {
		"en": "Setup is successfully completed. Now you can start using the Express app. Don't forget to tell your friends about us!",
		"de": "Das Setup wurde erfolgreich abgeschlossen. Jetzt können Sie die Express App verwenden. Vergiss nicht, deinen Freunden von uns zu erzählen!",
		"fr": "L'installation est terminée avec succès. Maintenant, vous pouvez commencer à utiliser l'application Express App. N'oubliez pas de parler de nous à vos amis!"
	},
	"setupFiveButton": {
		"en": "Start Using",
		"de": "Starten Sie mit",
		"fr": "Commencer à Utiliser"
	}
}
